minutes_elapsed,value
-0.8666666666666667,67.0
7.316666666666666,78.0
12.45,70.0
