minutes_elapsed,value
2.683333333333333,100.0
5.333333333333333,93.0
8.7,103.0
11.216666666666667,94.0
13.7,95.0
16.85,88.0
18.35,89.0
23.85,92.0
30.25,76.0
