minutes_elapsed,value
1.9166666666666667,95.0
2.0,98.0
2.25,99.0
2.3,96.0
2.35,94.0
5.183333333333334,89.0
7.316666666666666,74.0
8.6,71.0
