minutes_elapsed,value
3.933333333333333,90.0
6.583333333333333,99.0
10.333333333333334,95.0
