minutes_elapsed,value
7.2,95.0
7.283333333333333,98.0
7.533333333333333,99.0
7.583333333333333,96.0
7.633333333333334,94.0
